repo,star,fork,path,num_boudary,num_process,num_datastore,num_dataflow,num_external_entity,num_threat,step1_time,step2_time,step3_time,step4_time,total_time,total_line_of_code
github.com/aquasecurity/trivy,22506,2220,trivy/pkg/iac/scanners/terraform/testdata/fail/,1,0,1,0,1,4,38.88929788,2.476030827,0.045150995,7.301749229,48.71222893,27
github.com/infracost/infracost,10758,533,infracost/examples/cf2tf/,1,0,3,0,1,0,39.4275081,2.103410482,0.053051949,5.934000254,47.51797079,86
github.com/cloud-custodian/cloud-custodian,5330,1460,cloud-custodian/tests/terraform/apigatewayv2_stage/,1,1,0,0,1,12,34.36583696,2.27648592,0.05871129,6.379157066,43.08019124,61
github.com/cloudskiff/driftctl,2442,152,driftctl/enumeration/remote/test/aws_cloudformation_stack_multiple/,1,0,0,0,1,0,32.53348041,2.570681334,0.045863152,6.752127647,41.90215254,67
github.com/Checkmarx/kics,1995,299,kics/cmd/builder/,1,2,2,0,1,8,34.11205012,2.006295681,0.055103779,5.521894693,41.69534427,87
github.com/terraform-compliance/cli,1342,151,cli/tests/functional/actions_for_each_and_modules/,1,2,0,0,1,12,37.44602796,2.172445059,0.053839445,5.174000263,44.84631273,155
github.com/nsriram/lambda-the-terraform-way,1248,102,lambda-the-terraform-way/samples/04/,1,1,0,0,1,12,30.11310695,1.929422617,0.047183752,5.486152411,37.57586573,54
github.com/chadgeary/cloudblock,806,78,cloudblock/aws/,2,3,3,8,1,40,35.55929762,2.820753813,0.087782621,5.31202507,43.77985912,1081
github.com/terraform-aws-modules/terraform-aws-iam,772,978,terraform-aws-iam/examples/iam-account/,1,2,0,0,1,24,30.73662572,2.076275587,0.053284407,5.750290871,38.61647659,59
github.com/nccgroup/sadcloud,633,94,sadcloud/sadcloud/,4,32,11,3,1,356,32.12204718,2.748918056,0.652612209,8.142817736,43.66639518,405
github.com/BishopFox/iam-vulnerable,456,84,iam-vulnerable/,1,44,0,0,1,528,24.79652476,8.147192001,0.427079678,7.157884121,40.52868056,3155
github.com/Cigna/confectionery,191,13,confectionery/test-files/terraform/aws/acm/,1,0,2,0,1,0,30.63184865,2.186590433,0.047236443,5.379878044,38.24555357,54
github.com/DavidDikker/endgame,185,509,endgame/terraform/,4,8,2,1,1,84,32.08289837,4.03597641,0.18227911,6.10594368,42.40709757,602
github.com/terraform-aws-modules/terraform-aws-pricing,180,44,terraform-aws-pricing/examples/complete/,1,0,0,0,1,0,35.56346959,2.444004297,0.03610754,5.10172987,43.1453113,125
github.com/garutilorenzo/k3s-aws-terraform-cluster,150,39,k3s-aws-terraform-cluster/,2,21,4,12,1,332,38.43791819,5.581080198,0.319847822,6.995240927,51.33408713,1640
github.com/msfidelis/eks-with-istio,134,45,eks-with-istio/,1,8,0,2,1,76,38.96102953,3.668605804,0.148392439,6.552245617,49.33027339,2969
github.com/mlabouardy/pipeline-as-code-with-jenkins,132,161,pipeline-as-code-with-jenkins/chapter5/,3,4,0,3,1,12,30.38899337,2.747498989,0.081742525,5.49773407,38.71596896,623
github.com/dominodatalab/domino-research,76,8,domino-research/terraform/mlflow-runtime-ecr/,1,0,0,0,1,0,20.21866822,2.014437437,0.04919672,5.856769562,28.13907194,285
github.com/msfidelis/ecs-microservices-orchestration,76,15,ecs-microservices-orchestration/,1,0,0,0,1,0,35.48798633,2.939387083,0.041099072,6.059478521,44.527951,1268
github.com/galaxyproject/admin-training,60,62,admin-training/terraform/,1,198,0,0,1,0,33.66860768,4.979123116,0.131800652,5.949302673,44.72883412,1989
github.com/reireias/rails-on-ecs-terraform,41,7,rails-on-ecs-terraform/,1,2,0,0,1,12,38.41071796,3.817207813,0.079971075,6.21682024,48.52471709,1840
github.com/Verizon/5GEdgeTutorials,40,24,5GEdgeTutorials/terraform/aws-ec2/,4,3,0,2,1,12,14.88365531,2.556275845,0.074038982,6.649358511,24.16332865,310
github.com/umotif-public/terraform-aws-elasticache-redis,40,64,terraform-aws-elasticache-redis/,1,1,2,0,1,12,34.53324437,3.059795618,0.063899755,6.658972979,44.31591272,809
github.com/ipspace/pubcloud,35,13,pubcloud/AWS/IP-multicast/,3,5,0,3,1,24,34.75222131,3.150101185,0.123958349,7.276134253,45.30241509,477
github.com/aws-samples/aws-apprunner-terraform,32,29,aws-apprunner-terraform/terraform/,3,4,3,3,1,68,30.69116687,2.910231829,0.119854212,5.817169189,39.5384221,928
github.com/SebastianUA/terraform-aws-glue,32,32,terraform-aws-glue/,1,4,1,3,1,76,34.49535847,3.603289843,0.100142956,6.365632296,44.56442356,2793
github.com/redhat-cop/ocp-disconnected-docs,30,18,ocp-disconnected-docs/aws-ipi-terraform/,9,1,0,0,1,0,17.63566995,2.961672306,0.058015108,6.212380171,26.86773753,347
github.com/cloudquery/cq-provider-aws,29,40,cq-provider-aws/terraform/accessanalyzer/local/,1,0,0,0,1,0,38.74813187,2.136470795,0.039575338,6.437322855,47.36150086,37
github.com/C2Devel/terraform-examples,27,13,terraform-examples/,1,3,0,0,1,24,36.44122124,3.472269058,0.076792955,6.168989897,46.15927315,1551
github.com/devopsloft/devopsloft,26,98,devopsloft/deploy/,1,4,1,0,1,28,15.59392667,1.851853848,0.075102568,6.151350021,23.6722331,161
github.com/asbubam/2dal-infrastructure,26,12,2dal-infrastructure/terraform/,1,10,3,8,1,144,34.98426231,3.269880533,0.219315767,6.851238012,45.32469662,1254
github.com/clowdhaus/terraform-aws-managed-service-prometheus,26,26,terraform-aws-managed-service-prometheus/,1,1,0,0,1,0,34.23090625,3.21142745,0.049712181,5.995204449,43.48725033,260
github.com/DNXLabs/terraform-aws-ecs,26,31,terraform-aws-ecs/,1,0,0,0,1,0,33.55890059,2.803107738,0.040561199,6.171435833,42.57400537,2023
github.com/kuromitsu0104/gadget-app,24,7,gadget-app/terraform/,1,6,1,4,1,132,27.41783643,3.41841507,0.175706148,9.024337053,40.0362947,1427
github.com/aws-samples/multi-region-org-config-rules-terraform,22,18,multi-region-org-config-rules-terraform/administrator_account/,1,1,2,0,1,20,30.69626514,2.252444506,0.058889151,5.467414141,38.47501294,426
github.com/anneglienke/terraform101,22,1,terraform101/infrastructure/,1,5,4,3,1,84,30.67915082,3.367837906,0.132221699,6.298950434,40.47816086,616
github.com/SonarSource/sonar-iac,22,7,sonar-iac/its/plugin/projects/measures/terraform/,1,0,0,0,1,84,31.69211841,1.899302483,0.036589622,5.995698929,39.62370944,50
github.com/virtmerlin/mglab-share-eks,20,22,mglab-share-eks/demos/03/create-cluster-terraform/artifacts/terraform/,4,5,0,4,1,48,33.90074212,4.253564119,0.10581398,5.630390882,43.8905111,693
github.com/heldersepu/hs-scripts,19,15,hs-scripts/TerraForm/,3,13,4,9,1,112,34.29419148,9.713562489,0.23709178,6.0289042,50.27374994,6268
github.com/cds-snc/covid-alert-server-staging-terraform,19,1,covid-alert-server-staging-terraform/bootstrap/,1,1,2,0,1,4,11.91470551,1.714135408,0.068089485,5.527978659,19.22490907,86
github.com/commitdev/zero-aws-eks-stack,16,9,zero-aws-eks-stack/templates/terraform/bootstrap/remote-state/,1,0,2,0,1,4,30.60658035,2.023391485,0.061842203,5.14613533,37.83794937,90
github.com/bkrn/prolamb,16,3,prolamb/test/terraform/,1,22,0,0,1,264,19.62677073,1.964111328,0.235426664,5.71807766,27.54438639,257
github.com/dtelaroli/devops-test,15,2,devops-test/iaas/backend/,1,0,2,0,1,4,37.3797174,2.492963076,0.05363369,5.76237011,45.68868428,110
github.com/andresriancho/aws-backup,15,2,aws-backup/,1,0,0,0,1,0,34.48457527,3.412303686,0.044123888,5.840113401,43.78111625,544
github.com/in4it/roxprox,14,4,roxprox/terraform/,2,4,0,3,1,36,36.63138942,6.957516193,0.067649364,4.887045145,48.54360012,1781
github.com/chimbs86/Security-And-Microservices-On-AWS,13,11,Security-And-Microservices-On-AWS/appendixa/,1,0,1,0,1,0,9.813595533,1.925542831,0.044230461,5.459583044,17.24295187,38
github.com/mesoform/terraform-infrastructure-modules,13,2,terraform-infrastructure-modules/mcp/,1,0,0,0,1,0,20.81681561,3.046241999,0.043933392,5.60030818,29.50729918,6330
github.com/JKolios/minecraft-ondemand-terraform,13,5,minecraft-ondemand-terraform/terraform/,1,5,2,6,1,132,33.55606437,2.228401661,0.112445116,5.813752413,41.71066356,807
github.com/sacundim/covid-19-puerto-rico,13,6,covid-19-puerto-rico/Terraform/,3,5,0,0,1,84,31.80229449,2.420709848,0.079953194,6.041597843,40.34455538,2427
github.com/tesera/terraform-modules,12,4,terraform-modules/alb/,1,2,0,1,1,32,35.86728206,2.339426041,0.052078962,5.603594303,43.86238137,289
github.com/18F/identity-terraform,12,7,identity-terraform/,1,1,0,0,1,0,34.50156236,3.068489313,0.050403118,6.13815856,43.75861335,10443
github.com/tomaszkiewicz/terraform-modules,10,9,terraform-modules/alb/,1,2,0,1,1,32,38.44856954,2.236351013,0.051433086,5.386978865,46.1233325,289
github.com/trussworks/terraform-aws-org-scp,10,7,terraform-aws-org-scp/,12,21,7,8,1,216,31.86820483,6.690917969,0.400540829,6.753392458,45.71305609,460
github.com/g31s/terraform-aws-ecs-fargate,10,6,terraform-aws-ecs-fargate/,1,0,0,0,1,0,16.62833619,2.633771896,0.037928104,6.210959435,25.51099563,1319
github.com/gretelai/FluentBitLogging,10,5,FluentBitLogging/terraform/,4,8,2,1,1,84,39.89189243,4.396477938,0.169182301,6.513671875,50.97122455,1032
github.com/alphagov/govwifi-terraform,9,5,govwifi-terraform/global-dns/,1,1,0,0,1,0,36.37864804,1.95403266,0.045913935,5.794900656,44.17349529,49
github.com/niveklabs/aws,9,9,aws/,4,2,0,1,1,12,19.12939858,3.508297205,0.062731028,6.536040068,29.23646688,140709
github.com/binbashar/terraform-aws-guardduty-multiaccount,8,5,terraform-aws-guardduty-multiaccount/examples/configure-guardduty/,1,0,0,0,1,0,20.46811533,1.924394131,0.036044836,5.303753138,27.73230743,102
github.com/Piroddi/aws-http-api-private-alb,8,2,aws-http-api-private-alb/infrastructure/modules/api_gateway/,1,2,0,1,1,32,39.01374841,2.242000103,0.048692465,5.675195456,46.97963643,168
github.com/GSA/grace-cloudcustodian,8,8,grace-cloudcustodian/,1,0,0,0,1,0,34.78790784,3.87588501,0.04097724,6.326732635,45.03150272,297
github.com/plus3it/terraform-aws-tardigrade-transit-gateway,8,16,terraform-aws-tardigrade-transit-gateway/,1,1,1,0,1,16,34.1745882,3.386900902,0.059389114,6.249067545,43.86994576,1620
github.com/Flaconi/terraform-aws-waf-acl-rules,8,4,terraform-aws-waf-acl-rules/,1,3,2,0,1,36,33.98048377,2.969592094,0.067763805,6.118869066,43.13670874,257
github.com/jzbruno/terraform-aws-lex-examples,8,12,terraform-aws-lex-examples/,1,0,0,0,1,0,34.46700001,2.847277164,0.0468297,6.057800055,43.41890693,774
github.com/aws-samples/codeartifact-retention-policy,7,3,codeartifact-retention-policy/codeartifact-retention-module/,1,2,0,1,1,44,34.13448455,2.304668903,0.05926609,6.410358429,42.90877798,197
github.com/msfidelis/awswaf-production-automation,7,0,awswaf-production-automation/,1,12,0,0,1,144,34.41606236,3.097311258,0.111746788,6.471766949,44.09688735,665
github.com/cloud-security-labs/terraform-aws-sso,7,5,terraform-aws-sso/,1,0,0,0,1,0,34.66275263,2.990423918,0.041958809,6.280418396,43.97555375,198
github.com/18F/formservice-iac-modules,6,4,formservice-iac-modules/acct-mgmt-security/,1,2,0,0,1,24,37.26381302,1.907441616,0.059820414,5.446871519,44.67794657,204
github.com/skyscrapr/terraform-cloudability-modules,6,1,terraform-cloudability-modules/cloudability-aws-iam-role/,1,1,0,0,1,12,37.18217897,2.094310522,0.052410841,5.4414289,44.77032924,159
github.com/purpleteam-labs/purpleteam-iac-sut,6,2,purpleteam-iac-sut/tf/roots/1_static/,1,4,0,0,1,48,19.62647343,2.233720064,0.063077927,5.470343113,27.39361453,194
github.com/USSBA/terraform-aws-backup-plans,6,1,terraform-aws-backup-plans/,1,0,2,0,1,0,35.12418032,3.339007139,0.044610262,6.091908455,44.59970617,426
github.com/DNXLabs/terraform-aws-security-baseline,6,5,terraform-aws-security-baseline/,1,0,0,0,1,0,34.17306304,2.740400553,0.046340466,6.034792662,42.99459672,248
github.com/soapergem/aws-pinpoint-unsubscribe,6,3,aws-pinpoint-unsubscribe/terraform/,1,198,0,0,1,84,37.26620885,4.894883633,0.124484777,6.413017273,48.69859453,481
github.com/jazhans/zeek_terransible_aws,6,0,zeek_terransible_aws/terraform/,3,4,3,3,1,84,38.72930646,2.762810469,0.117778778,5.989700556,47.59959626,621
github.com/hms-dbmi/avillachlab-secure-infrastructure,5,1,avillachlab-secure-infrastructure/app-infrastructure/,1,17,0,15,1,84,31.92628479,3.453220844,0.223380566,5.766387701,41.3692739,1481
github.com/AtsushiKitano/assets,5,1,assets/terraform/tflint/,1,0,0,0,1,0,12.21247625,2.225807428,0.048195124,5.509333849,19.99581265,141
github.com/prancer-io/prancer-terramerra,5,2,prancer-terramerra/aws/acm/,1,0,1,0,1,0,37.78271128,2.300110579,0.044258833,5.24798727,45.37506796,54
github.com/prbc/farese,5,5,farese/.terraform/,1,0,5,0,1,12,15.07192755,1.979417801,0.063127518,5.90251565,23.01698852,372
github.com/babbel/terraform-aws-nlb-for-apigateway-vpc-link,5,6,terraform-aws-nlb-for-apigateway-vpc-link/,1,0,0,0,1,0,33.91381216,2.723628283,0.040766239,6.011834621,42.6900413,192
github.com/plus3it/terraform-aws-tardigrade-ram-share,5,10,terraform-aws-tardigrade-ram-share/,1,0,0,0,1,0,34.28647137,2.898215532,0.042637348,5.953766108,43.18109035,371
github.com/ghrcdaac/dmrpp-generator,5,7,dmrpp-generator/,1,10,0,3,1,132,38.97591114,4.301032305,0.169868469,6.81763649,50.2644484,532
github.com/msfidelis/aws-msk-glue-kafka-setup,5,1,aws-msk-glue-kafka-setup/,1,1,0,0,1,12,33.42938423,2.802695513,0.052453756,6.257552147,42.54208565,346
github.com/JamesWoolfenden/terraform-aws-appsync,5,1,terraform-aws-appsync/,1,4,0,3,1,72,33.97602725,4.311237335,0.072571993,6.307884455,44.66772103,242
github.com/hands-on-cloud/amazon-vpc-traffic-inspection-and-monitoring,4,5,amazon-vpc-traffic-inspection-and-monitoring/0_remote_state/,1,0,4,2,1,4,39.34973899,1.946264505,0.058327675,5.314410925,46.66874209,169
github.com/zoitech/terraform-aws-s3-with-iam-access,4,5,terraform-aws-s3-with-iam-access/,1,1,0,0,1,12,33.91039562,2.806868076,0.062300444,6.314215899,43.09378004,750
github.com/dwp/dataworks-metrics-infrastructure,4,1,dataworks-metrics-infrastructure/,3,12,0,2,1,100,35.88427258,3.820701122,0.185587168,6.463822126,46.35438299,11316
github.com/osodevops/aws-terraform-module-codebuild-packer,4,7,aws-terraform-module-codebuild-packer/,1,1,4,6,1,24,34.04219723,3.083500624,0.083712339,6.12318778,43.33259797,519
github.com/trackit/aws-workflow-live-streaming,4,0,aws-workflow-live-streaming/,1,0,0,0,1,0,30.50102025,7.587995768,0.048532963,6.385472059,44.52302104,853
github.com/rhythmictech/terraform-aws-route53-resolver-rule,4,13,terraform-aws-route53-resolver-rule/,1,0,0,0,1,0,17.20852566,2.907327652,0.038619995,6.241048098,26.3955214,101
github.com/devops-made-easy/terraform-aws-dax,4,4,terraform-aws-dax/,1,2,2,1,1,16,35.15496755,3.082029581,0.072785378,6.30411911,44.61390162,126
github.com/DJAndries/terraform-aws-contact-form-mailer,4,1,terraform-aws-contact-form-mailer/,1,1,1,1,1,20,39.20849586,3.304014206,0.065993071,6.421688557,49.00019169,327
github.com/JamesWoolfenden/terraform-aws-neptune,4,2,terraform-aws-neptune/,1,1,0,0,1,0,35.04632306,2.892999649,0.045747995,6.312370539,44.29744124,453
github.com/DNXLabs/terraform-aws-waf,4,11,terraform-aws-waf/,5,0,0,0,1,0,28.18543005,4.344199181,0.049737692,6.312946558,38.89231348,2034
github.com/brianbinbin/tf-eks,3,2,tf-eks/modules/iam/,1,1,0,0,1,12,35.87813706,2.098994493,0.046149969,5.811437368,43.83471889,71
github.com/gnosia93/oracle-to-postgres,3,0,oracle-to-postgres/tf/,1,9,0,7,1,48,31.09344669,2.416016102,0.132935524,5.885356903,39.52775522,878
github.com/patheard/terraform-cantrill-aws-associate,3,5,terraform-cantrill-aws-associate/bootstrap/,1,0,2,0,1,4,20.60390115,1.929146528,0.055679321,5.585628271,28.17435527,91
github.com/gilyas/infracost,3,1,infracost/examples/cf2tf/,1,0,3,0,1,0,34.53601354,1.954518795,0.051570177,5.437812567,41.97991508,86
github.com/joeypiccola/homelab,3,0,homelab/terraform/aws_ec2_web_app/,1,4,1,5,1,56,34.99088997,2.652072191,0.084779501,5.908703566,43.63644523,280
github.com/mattjmcnaughton/personal-k8s,3,2,personal-k8s/bootstrap/,1,2,1,0,1,16,36.12664295,2.149283648,0.0527668,5.545214415,43.87390781,131
github.com/cloud-security-labs/terraform-aws-ssoadmin-permission-set,3,2,terraform-aws-ssoadmin-permission-set/,1,5,1,3,1,104,16.80412459,3.789335489,0.104469776,6.858858824,27.55678868,182
github.com/JamesWoolfenden/terraform-aws-codeartifact,3,4,terraform-aws-codeartifact/,2,21,4,12,1,332,38.7860026,5.786736965,0.340450287,7.3840518,52.29724165,115
github.com/ArtiomL/aws-sec-controls,3,3,aws-sec-controls/,1,3,0,4,1,96,34.19915986,2.91585803,0.082258463,6.645078897,43.84235525,994
github.com/aws-samples/otl-service-launcher,3,3,otl-service-launcher/,5,18,8,18,1,276,36.72616005,4.515991211,0.407068253,7.357350349,49.00656986,3008
github.com/j0rzsh/aws-iot-tfg,3,0,aws-iot-tfg/,1,0,0,0,1,0,35.54799366,2.759738445,0.043601513,6.012758732,44.36409235,704
github.com/raksit31667/learn-aws-voice-calling-chatbot,3,0,learn-aws-voice-calling-chatbot/,1,0,0,0,1,0,37.55252242,2.669127941,0.037699461,5.992694855,46.25204468,137
github.com/toddlers/aws-network-firewall-workflow,3,1,aws-network-firewall-workflow/,1,6,0,2,1,32,34.89966965,3.034771204,0.095188618,6.435887337,44.46551681,414
github.com/plus3it/terraform-aws-tardigrade-security-hub,3,10,terraform-aws-tardigrade-security-hub/,1,7,2,13,1,228,38.59921551,4.241094828,0.1799891,7.011609554,50.03190899,520
github.com/rodrigogregorioneri/localstack_terraform,3,0,localstack_terraform/infrastructure/,1,6,1,0,1,84,31.55658102,2.040765524,0.10490036,6.19136858,39.89361548,143
github.com/petersiemen/cross-account-multi-region-ci-cd-pipeline-on-aws,2,3,cross-account-multi-region-ci-cd-pipeline-on-aws/modules/api-gateway/,1,2,0,1,1,44,35.33592614,2.27893424,0.059863567,6.009279251,43.6840032,94
github.com/MatthewRawling/BCP-terraform,2,0,BCP-terraform/account/,1,4,0,0,1,48,20.16910863,2.083619118,0.06679678,5.732364178,28.0518887,242
github.com/terraform-docs/terraform-config-inspect,2,3,terraform-config-inspect/tfconfig/testdata/basics/,1,0,0,0,1,0,2.329992294,1.951568604,0.041282892,5.522854328,9.845698118,52
github.com/kleytonhsantos/terraform-aws-dms,2,2,terraform-aws-dms/examples/certificates/,1,0,0,0,1,0,36.93635968,2.402566195,0.040152311,5.106071234,44.48514942,68
github.com/ahummel25/aws-organizations-hummel,2,0,aws-organizations-hummel/organizations-modules/,1,2,0,0,1,24,30.82877898,2.296403885,0.046347857,5.353798628,38.52532935,316
github.com/clusterfrak-dynamics/terraform-aws-dms,2,3,terraform-aws-dms/examples/certificates/,1,0,0,0,1,0,38.07482147,2.382481575,0.040240049,4.973505259,45.47104836,68
github.com/tetsuzawa/docker-ecs-hands-on,2,3,docker-ecs-hands-on/example/infrastructure/,8,2,0,1,1,32,19.44292974,2.693591833,0.063835382,5.414991379,27.61534834,373
github.com/melscoop-test/check,2,3,check/tests/common/suppressions_resources/,1,1,3,0,1,12,37.0264976,2.185902596,0.072089195,5.91446352,45.19895291,79
github.com/Exlabs/internalmeetups,2,0,internalmeetups/cdc/aws_rds_cdc/,1,1,2,2,1,20,17.86953759,1.990954876,0.059072733,5.47535181,25.39491701,185
github.com/ministryofjustice/hmpps-ems-platform-terraform-modules,2,0,hmpps-ems-platform-terraform-modules/modules/account-baseline/,1,12,2,2,1,156,36.250213,4.937052011,0.230658293,8.819106102,50.23702941,821
github.com/yuriipolishchuk/ssh2iot,2,1,ssh2iot/terraform/bootstrap/,1,0,2,0,1,4,11.47600198,2.808407784,0.075193167,8.558166027,22.91776896,74
github.com/KyMidd/Terraform_ADO_ECR_Multi-Account_Access,2,1,Terraform_ADO_ECR_Multi-Account_Access/Hub/,1,0,1,0,1,0,30.46731134,2.860411644,0.067552567,7.900749922,41.29602548,136
github.com/sam-andaluri/saas-multi-cloud-series-1,2,1,saas-multi-cloud-series-1/IaC/aws/client-vpn/,1,2,0,1,1,32,38.39540768,2.661998034,0.068171978,7.306211472,48.43178916,159
github.com/imercier/terraform-play,2,0,terraform-play/api-gw/,1,1,0,0,1,12,35.9041096,2.889574766,0.064956903,7.119131804,45.97777307,150
github.com/JamesWoolfenden/terraform-aws-imagebuilder,2,4,terraform-aws-imagebuilder/,1,0,0,0,1,0,34.11223841,3.13245821,0.042660475,5.906287193,43.19364429,354
github.com/yaseenzafar/terraform-rdsmigration,2,0,terraform-rdsmigration/,1,0,0,0,1,0,34.51323509,3.398044109,0.045648336,6.354443789,44.31137133,178
github.com/mhmdio/terraform-aws-sso,2,8,terraform-aws-sso/,1,3,0,3,1,64,33.79436913,3.155546904,0.064274073,6.305657387,43.3198475,198
github.com/Maximilianarius/Terraform_create_password_iam_user,2,0,Terraform_create_password_iam_user/,3,4,0,0,1,36,16.59880495,2.928966522,0.086437464,6.369084358,25.98329329,545
github.com/obytes/terraform-aws-lambda-apigw,2,2,terraform-aws-lambda-apigw/,1,0,0,0,1,0,34.33753419,2.83748436,0.042059422,5.87451458,43.09159255,274
github.com/clouddrove/terraform-aws-security-hub,2,4,terraform-aws-security-hub/,1,5,2,1,1,12,10.5709033,3.47736311,0.141340733,6.257078648,20.44668579,209
github.com/SebastianUA/terraform-aws-rds,2,1,terraform-aws-rds/,6,4,0,1,1,24,36.33177185,4.067217588,0.093330145,6.073785782,46.56610537,2586
github.com/figurate/terraform-aws-service-discovery-namespace,2,3,terraform-aws-service-discovery-namespace/,1,6,0,0,1,0,17.10522842,3.072945118,0.071493149,5.918156624,26.16782331,140
github.com/Murtu1609/TFAWSShareAmis,2,0,TFAWSShareAmis/,1,18,6,27,1,552,33.52421832,4.297346354,0.34969759,7.158498049,45.32976031,77
github.com/rackspace-infrastructure-automation/aws-terraform-codecommit,2,3,aws-terraform-codecommit/,1,0,0,0,1,0,34.46252751,2.978089571,0.046092033,6.045383692,43.53209281,386
github.com/MTB90/terraform-aws-ecs,2,0,terraform-aws-ecs/,1,2,0,0,1,12,36.13071704,3.071519136,0.060853243,6.207521915,45.47061133,2023
github.com/THOM-AwS/terraform-patch-manager,2,1,terraform-patch-manager/,1,0,0,0,1,0,35.26896381,2.853647232,0.042916298,5.947042704,44.11257005,478
github.com/JamesWoolfenden/terraform-aws-glue-crawler,2,3,terraform-aws-glue-crawler/,1,1,0,0,1,0,35.85675335,3.394214153,0.0458951,6.061635017,45.35849762,315
github.com/karl-cardenas-coding/aws-code-signing-example,2,1,aws-code-signing-example/,1,0,0,0,1,0,34.06828785,3.333062172,0.044828176,5.937972307,43.38415051,290
github.com/GSA/grace-paas-network,2,1,grace-paas-network/,1,0,1,0,1,4,37.50963044,3.51030159,0.050129652,6.871786118,47.9418478,886
github.com/stilist/drjohndee.net,2,0,drjohndee.net/terraform/,2,7,46,6,1,84,36.89025784,3.432239176,1.433439732,6.843372583,48.59930933,693
github.com/mikosa/aws-permission,2,2,aws-permission/terraform/,1,10,3,8,1,84,31.71443319,2.935839176,0.29403162,6.04084301,40.985147,602
github.com/danielsiwiec/esp8266-mqtt-aws-iot-temperature,2,0,esp8266-mqtt-aws-iot-temperature/terraform/,1,6,1,4,1,84,17.53122973,2.355502605,0.133268356,5.748483658,25.76848435,212
github.com/RaduLupan/terraform-rdgateway-aws,2,5,terraform-rdgateway-aws/ad/,1,0,0,0,1,84,11.34285378,1.786512375,0.03772068,6.083491564,19.2505784,139
github.com/petersiemen/aws-multiple-account-ci-cd,1,0,aws-multiple-account-ci-cd/modules/api-gateway/,1,2,0,1,1,44,39.54695773,2.068486691,0.05867672,5.527315378,47.20143652,94
github.com/themaverick/cit481,1,0,cit481/TF/terraform/,3,8,0,4,1,48,37.55842972,2.889267206,0.116663456,5.489402294,46.05376267,401
github.com/MihaMarkocic/cloudservices,1,0,cloudservices/AWS/bastion_host/,3,3,0,2,1,12,35.31188389,3.186936855,0.062548399,5.227792025,43.78916117,544
github.com/roguehedgehog/claire,1,0,claire/tf/labs/,2,4,2,3,1,48,18.19869757,3.060903311,0.118112326,5.444250584,26.82196379,383
github.com/imma/fogg-tf,1,0,fogg-tf/fogg-account/,1,0,0,0,1,0,38.89749217,1.705737829,0.03914547,5.025638103,45.66801357,69
github.com/GroganBurners/tine,1,1,tine/misc/terraform/,1,0,0,0,1,0,39.84161615,1.741499662,0.037611246,4.908243179,46.52897024,61
github.com/oonisim/terraform-aws,1,1,terraform-aws/script/file/,1,0,0,0,1,0,4.446765184,1.80373168,0.037779331,5.204820395,11.49309659,57
github.com/magfest/mindbeamer,1,2,mindbeamer/terraform/backend/,1,1,0,0,1,0,19.94596052,1.73685813,0.048082829,5.078621626,26.80952311,41
github.com/cloudveto/terraform-modules,1,3,terraform-modules/alb/,1,2,0,1,1,32,38.96280704,2.042199612,0.051523447,5.288991928,46.34552203,289
github.com/wellcometrust/ncw-terraform-modules,1,1,ncw-terraform-modules/AWS/ebs-volume/,1,0,0,0,1,0,31.09559746,1.757284164,0.041298866,5.176609993,38.07079048,56
github.com/cds-snc/covid-alert-server-demo-terraform,1,0,covid-alert-server-demo-terraform/bootstrap/,1,1,2,0,1,4,13.1182754,1.724556684,0.057766914,5.437229395,20.3378284,71
github.com/Jimon-s/terraform-example-security-hub,1,2,terraform-example-security-hub/terraform/env/example/,1,1,0,0,1,0,38.35793237,2.138839483,0.044045925,5.376668453,45.91748623,35
github.com/asaphe/terraform-aws-ecr,1,0,terraform-aws-ecr/lifecycle_policy/,1,0,0,0,1,0,34.86329869,2.406120539,0.045599937,5.424094439,42.73911361,45
github.com/KanchiMoe/tf-practice,1,0,tf-practice/kubernetes/,1,1,0,0,1,12,33.08679245,2.330327272,0.049044132,5.458367825,40.92453168,497
github.com/unipv-ce18/harmony,1,0,harmony/contrib/aws/compute/,6,8,13,9,1,188,38.60149318,3.672190428,0.298947811,7.171904802,49.74453622,732
github.com/EASThyeok/soldeskTEAM1,1,0,soldeskTEAM1/Autoscaling/,1,0,0,0,1,0,39.67019013,2.489699841,0.044867039,7.112954378,49.31771139,90
github.com/jacksenechal/labrador,1,0,labrador/controller-create/,1,3,0,2,1,24,27.9281354,2.743115664,0.067993879,6.555324554,37.29456949,377
github.com/Jimon-s/terraform-example-timestream,1,0,terraform-example-timestream/terraform/env/example/,1,2,0,1,1,44,39.02673961,2.804561853,0.083682537,7.912628174,49.82761218,55
github.com/Angelo512/Terabyte-CIT481-Senior-Project,1,0,Terabyte-CIT481-Senior-Project/Project1/Terraform/,7,7,0,4,1,36,32.92402972,4.0863657,0.14688468,7.412003279,44.56928338,444
github.com/Alan18081/custom-infra,1,0,custom-infra/kubernetes-terraform/,2,6,0,4,1,60,35.17430058,4.197508097,0.160837889,8.177564621,47.71021119,723
github.com/Yoyo-Kikuchi/aws-app-mesh-example,1,1,aws-app-mesh-example/modules/ecr/,1,0,0,0,1,0,33.1091451,2.611100435,0.051442146,8.592101574,44.36378926,56
github.com/tadinve/rsa_on_aws,1,0,rsa_on_aws/src/infrastucture_install_files/terraform_files/,1,16,5,11,1,320,25.30955482,3.592528105,0.264579058,7.398647547,36.56530952,955
github.com/vishalbhogate/terraform-aws-msk-default,1,0,terraform-aws-msk-default/,1,6,1,1,1,72,21.11877823,3.53265357,0.118016005,5.761033535,30.53048134,654
github.com/tokazaki42/terraform-examples,1,1,terraform-examples/,1,1,0,0,1,0,31.82666945,2.503436565,0.046946049,5.482061863,39.85911393,1551
github.com/sano307/terraform-app-runner-demo,1,0,terraform-app-runner-demo/,1,3,1,2,1,40,35.6188798,3.627293348,0.065378428,6.665208578,45.97676015,89
github.com/GaryTapia/aws-security-setup,1,0,aws-security-setup/,1,9,2,1,1,120,34.85528207,3.048826694,0.172908306,6.488171101,44.56518817,166
github.com/HemantTomar/pipe0,1,0,pipe0/,1,4,0,0,1,24,35.0106616,2.939268112,0.071787834,6.241985083,44.26370263,274
github.com/almirosmanovic/aws-global-accelerator,1,0,aws-global-accelerator/,1,4,0,0,1,48,33.64331007,3.336569071,0.064425468,6.639731169,43.68403578,142
github.com/vn-cdr/multicloud-docker,1,0,multicloud-docker/,3,1,0,0,1,12,31.71963829,3.495634317,0.055672407,6.014040947,41.28498596,1250
github.com/Ph4rell/aws-sftp-s3-api-gateway,1,1,aws-sftp-s3-api-gateway/,1,4,0,0,1,24,34.29315662,2.823323011,0.07059741,6.350721359,43.5377984,663
github.com/longhanhee/ecs-microservices-orchestration,1,0,ecs-microservices-orchestration/,1,4,0,0,1,48,34.74227548,3.323949814,0.06608367,6.378921747,44.51123071,1268
github.com/gh-rbalimidi/samba_lambda_apigateway,1,0,samba_lambda_apigateway/,1,0,0,0,1,0,33.44259739,2.703716755,0.042401314,6.028028488,42.21674395,258
github.com/zerosoftwere/terraform-ecs-msk-ssm-demo,1,0,terraform-ecs-msk-ssm-demo/,1,5,0,4,1,80,34.90336537,2.768418312,0.098995447,6.332497597,44.10327673,1277
github.com/OT-CLOUD-KIT/terraform-aws-secret-manager,1,2,terraform-aws-secret-manager/,8,6,1,5,1,40,39.07244705,5.501699686,0.094218493,6.232279301,50.90064453,101
github.com/JamesWoolfenden/terraform-aws-dax,1,2,terraform-aws-dax/,1,3,0,2,1,24,35.83503461,2.762855768,0.064675808,6.248241186,44.91080737,126
github.com/banslt/dns_resolver_cross_accounts,1,0,dns_resolver_cross_accounts/,1,0,0,0,1,0,35.89640141,2.877565622,0.038426876,6.032022238,44.84441614,281
github.com/7Factor/terraform-aws-ses,1,0,terraform-aws-ses/,1,36,20,37,1,664,38.34567404,4.769539118,0.402882576,7.477425575,50.99552131,162
github.com/adacotech/terraform-aws-api-auth-proxy,1,0,terraform-aws-api-auth-proxy/,2,8,2,4,1,68,33.65505219,3.627496719,0.153793097,6.5430305,43.9793725,617
github.com/JamesWoolfenden/terraform-aws-media-convert-queue,1,0,terraform-aws-media-convert-queue/,3,6,0,0,1,60,37.727916,3.265446186,0.094968557,6.305390358,47.3937211,66
github.com/JamesWoolfenden/terraform-aws-workspaces,1,4,terraform-aws-workspaces/,1,0,0,0,1,0,35.97621179,2.879092455,0.049439192,5.929053068,44.8337965,184
github.com/KazuyaMiyagi/terraform-aws-rocket-chat-notifier,1,3,terraform-aws-rocket-chat-notifier/,1,3,0,2,1,52,11.11312294,2.824981689,0.076942205,6.570444822,20.58549166,256
github.com/uda-cha/minecraft_on_aws_ecs,1,4,minecraft_on_aws_ecs/,1,1,0,0,1,0,37.69626117,2.888902426,0.051284552,6.065569639,46.70201778,441
github.com/dharada1/aws-sso-sample,1,0,aws-sso-sample/,10,12,0,12,1,72,38.58225751,4.186515093,0.133743286,6.489314318,49.39183021,185
github.com/ArpanBalpande/tf_aws_s3_glue_redshift,1,0,tf_aws_s3_glue_redshift/,1,0,0,0,1,0,37.32430673,2.662513256,0.035527945,5.963563204,45.98591113,710
github.com/cbfield/terraform-aws-vpc,1,0,terraform-aws-vpc/,2,3,0,2,1,12,36.05925179,2.776145935,0.064325571,6.099069118,44.99879241,1729
github.com/m-voels/tftest,1,0,tftest/,6,4,0,1,1,24,36.50056171,3.557293415,0.085500479,5.777461052,45.92081666,127
github.com/controlshift/terraform-aws-controlshift-redshift-sync,1,7,terraform-aws-controlshift-redshift-sync/,10,13,0,13,1,84,35.16997194,3.740360022,0.130443811,5.91940856,44.96018434,1342
github.com/DNXLabs/terraform-aws-vpc-peering-inter-region,1,3,terraform-aws-vpc-peering-inter-region/,1,7,2,4,1,124,33.30682039,2.791393995,0.193683624,5.957932234,42.24983025,340
github.com/stephen-harris/terraform-aws-locust,1,0,terraform-aws-locust/,6,4,0,1,1,24,34.84659863,3.391706228,0.090130091,5.625779867,43.95421481,312
github.com/DNXLabs/terraform-aws-audit-member,1,2,terraform-aws-audit-member/,5,8,1,10,1,164,20.61702538,3.521460295,0.151587725,6.207596064,30.49766946,80
github.com/JamesWoolfenden/terraform-aws-dns,1,1,terraform-aws-dns/,1,0,0,0,1,0,31.47800946,2.627017975,0.033407211,5.324128151,39.4625628,153
github.com/mikeapted/tf-shared-alb-rules-waf,1,1,tf-shared-alb-rules-waf/,5,0,0,0,1,0,29.37166739,3.51754117,0.034393311,5.550608397,38.47421026,462
github.com/JamesWoolfenden/terraform-aws-ad,1,1,terraform-aws-ad/,1,26,0,25,1,792,13.06940961,2.93653512,0.416775227,7.09243536,23.51515532,219
github.com/JamesWoolfenden/terraform-aws-guardduty,1,0,terraform-aws-guardduty/,1,1,1,1,1,16,35.61698647,4.877687454,0.130290985,9.4429245,50.06788941,373
github.com/BorisLabs/terraform-aws-transit-gateway,1,9,terraform-aws-transit-gateway/,1,3,0,2,1,40,35.47959124,3.709713221,0.06637454,7.044079781,46.29975878,407
github.com/andrzejsydor/aws,1,1,aws/,1,0,0,0,1,0,32.58562603,3.307288408,0.046364069,6.740092754,42.67937126,140709
github.com/ru-rocker/asg-ec2-codedeploy-efs-terraform,1,1,asg-ec2-codedeploy-efs-terraform/,1,3,0,0,1,24,34.14458275,3.732536554,0.068985462,6.470706701,44.41681147,624
github.com/naoyahieda/terraform_amplify_cicd_example,1,0,terraform_amplify_cicd_example/,1,0,0,0,1,0,38.81520409,5.058070183,0.049779892,9.314925194,53.23797936,136
github.com/JamesWoolfenden/terraform-aws-waf2-regional,1,0,terraform-aws-waf2-regional/,1,0,0,0,1,0,37.96301007,3.779818535,0.04625988,7.62305212,49.41214061,359
github.com/jslopes8/aws_account_setup,1,0,aws_account_setup/,1,2,2,1,1,16,30.99126329,3.070949554,0.073486567,7.087641716,41.22334113,1416
github.com/chandan-singh/terraform-aws-cognito,1,1,terraform-aws-cognito/,1,1,1,1,1,20,31.74929219,3.419242382,0.068386793,8.221988201,43.45890957,382
github.com/GSA/grace-iam,1,2,grace-iam/,1,1,0,0,1,0,37.59794491,3.334950924,0.059411049,7.152020931,48.14432781,572
github.com/liberops/Terraform-AWS-Appstream,1,1,Terraform-AWS-Appstream/,5,0,0,0,1,0,37.41340085,5.633767128,0.043148279,7.561413765,50.65173002,820
github.com/JamesWoolfenden/terraform-aws-cognito,1,0,terraform-aws-cognito/,1,5,1,3,1,104,33.32379007,3.611685038,0.138037682,6.889502048,43.96301484,382
github.com/JamesWoolfenden/terraform-aws-servicecatalog,1,2,terraform-aws-servicecatalog/,2,21,4,12,1,332,36.36500715,5.383351803,0.305982351,8.092724323,50.14706563,198
github.com/my-aws-org/aws-scp,1,0,aws-scp/,1,3,0,4,1,96,37.14664363,4.029151678,0.145856857,8.72593236,50.04758453,79
github.com/lindenlab/example-terraform-localstack,1,1,example-terraform-localstack/,5,18,8,18,1,276,37.16186475,5.6346035,0.490994453,7.426528931,50.71399164,136
github.com/ibuchh/aws-apprunner-terraform,1,0,aws-apprunner-terraform/terraform/,2,4,0,3,1,84,30.20768756,4.053561926,0.067981243,5.861537457,40.19076818,928
github.com/pacoraml/awsburpreflector,1,0,awsburpreflector/terraform/,1,5,2,6,1,84,33.64000797,2.298206806,0.091764688,5.953311443,41.98329091,129
github.com/pete911/eks-cluster,1,2,eks-cluster/tf/,1,9,0,7,1,84,37.64793658,2.978467464,0.179349422,6.996771812,47.80252528,833
github.com/tintulip/cla-organisation,1,0,cla-organisation/github/,1,0,0,0,1,84,15.11381149,1.80684948,0.035800695,6.043727398,23.00018907,52
github.com/cloud-architecture-demo/demo-sf1,1,0,demo-sf1/eks/,5,4,0,3,1,84,37.85922384,2.748995543,0.065440178,5.89790225,46.57156181,934
github.com/mehanic/homework1,0,0,homework1/test_code1/,6,6,0,5,1,48,31.31133819,4.465344191,0.088838816,5.514468431,41.37998962,1779
github.com/eddievaltix/terraform-valtix-modules,0,0,terraform-valtix-modules/valtix_aws_app_vpc/,4,4,0,2,1,24,37.14297488,2.585905075,0.062186956,5.686538219,45.47760513,338
github.com/darnele868410/COALFIREASSESMENT,0,0,COALFIREASSESMENT/Edwards_Darnel-CoalFire-Assesment/,5,3,1,1,1,28,33.14749554,3.648783684,0.110770702,8.512344599,45.41939453,535
github.com/nekochans/kimono-app-terraform,0,0,kimono-app-terraform/modules/aws/acm/,1,0,0,0,1,0,34.35236393,2.172436476,0.039764404,6.076607943,42.64117275,33
github.com/danwiltshire/violet,0,0,violet/archive/backend/,1,4,2,6,1,136,37.57935953,3.501517534,0.155705929,6.277795553,47.51437855,671
github.com/thiagoeh/aws-iac,0,0,aws-iac/home-sweet-ip/,1,0,0,0,1,0,37.66962249,2.271070242,0.04832387,6.863766193,46.85278279,101
github.com/guilhermeghm/terraform_scripts,0,0,terraform_scripts/ec_training/,1,1,4,0,1,0,38.20944881,1.992524624,0.066783428,6.980965614,47.24972248,135
github.com/nationalarchives/ds-tf-tgw,0,1,ds-tf-tgw/attachment/,1,0,0,0,1,0,31.44945213,2.886908531,0.074719429,8.199964523,42.61104461,76
github.com/dexterchan/Terraform_CrossRegionVPCPeering,0,0,Terraform_CrossRegionVPCPeering/CanaryProbeFunction_TF_Deploy/,1,1,0,0,1,12,33.38809529,2.330873728,0.063508987,6.693240404,42.4757184,178
github.com/Jimon-s/terraform-example-guardduty,0,2,terraform-example-guardduty/terraform/env/example/,1,0,4,1,1,12,30.11984735,2.524502277,0.077632189,8.74216032,41.46414214,30
github.com/anupdubbewar/terraform-aws,0,0,terraform-aws/script/file/,1,0,0,0,1,0,5.376250029,2.681978464,0.058017969,7.629364491,15.74561095,57
github.com/madhuawsdemo/modules,0,2,modules/aws/alb-ingress-controller/,1,1,0,0,1,12,38.82460986,3.469843388,0.066502094,8.615428925,50.97638427,573
github.com/asannou/terraform-aws-cloudformation-stackset,0,0,terraform-aws-cloudformation-stackset/administration-role/,1,1,0,0,1,12,37.71097171,2.250934601,0.053476334,6.863931894,46.87931454,76
github.com/Otherotter/practice-terraform,0,2,practice-terraform/aws/aws-getting-started/,1,1,0,0,1,0,22.09216809,2.189322233,0.049273729,6.097890139,30.42865419,81
github.com/Jimon-s/terraform-example-macie,0,1,terraform-example-macie/terraform/env/example/,1,0,1,0,1,4,34.20383081,2.353652239,0.052914858,7.563397884,44.17379579,35
github.com/kshina76/centos-backup,0,0,centos-backup/aws/old/aws-terraform/,3,2,0,1,1,12,34.3937618,2.474852239,0.069522858,8.591348886,45.52948578,3063
github.com/1smii/iac_terraform_aws,0,0,iac_terraform_aws/tf_proyect/,5,6,1,3,1,64,33.07770578,4.368573427,0.145564079,8.323622227,45.91546551,595
github.com/beuleal/flask-app,0,0,flask-app/terraform/app/,1,4,0,1,1,56,31.50072765,3.09265852,0.105201483,8.37323904,43.0718267,237
github.com/bramhi123/tf_sagemaker-circleci,0,0,tf_sagemaker-circleci/tf-SageMaker-ML_MODEL_EndPointConfig_Endpoints/,1,1,0,0,1,12,31.87341032,3.201240778,0.056027651,8.832661629,43.96334038,101
github.com/kronostechnologies/aws-mocks,0,0,aws-mocks/src/test/resources/infra/terraform/,4,9,2,3,1,64,9.933683634,4.712893486,0.160563469,5.458993912,20.2661345,731
github.com/valtix-security/Enable_DNS_VPC_Logs,0,0,Enable_DNS_VPC_Logs/enable_dns_logs/,1,1,0,0,1,0,29.637995,1.607304096,0.038115263,4.748421192,36.03183556,55
github.com/anjanisone/Vadana-First-Task,0,0,Vadana-First-Task/transit-gateway-cross-account-vpc-attachment/,3,0,0,0,1,0,35.0366025,1.812040091,0.03437686,5.206152201,42.08917165,160
github.com/benjdewantara/benjdewantara-iac,0,0,benjdewantara-iac/ami-amazon-linux-w-kubeadm-kubectl/,7,3,0,2,1,24,32.15698743,9.840105057,0.059201717,5.813407421,47.86970162,251
github.com/nautible/nautible-infra,0,2,nautible-infra/aws/app-examples/,1,0,0,0,1,0,35.91533828,2.152782917,0.037472486,6.016782284,44.12237597,161
github.com/snowplow-starter-aws/snowplow-realtime,0,0,snowplow-realtime/foundation/alb/,1,3,1,4,1,40,37.39782166,1.817549944,0.073417902,6.0687747,45.35756421,181
github.com/romedawg/aws_infra,0,0,aws_infra/modules/base/,4,5,0,0,1,60,31.63642335,1.97923708,0.090804338,6.0207901,39.72725487,87
github.com/jyepesr1/devops-challenge-prft,0,0,devops-challenge-prft/infra/modules/aws-client-vpn/,1,1,0,0,1,12,31.39136887,1.952507973,0.043109417,5.858206987,39.24519324,194
github.com/epieye/winslet,0,0,winslet/azure_wan_hub_test/,1,1,0,0,1,0,35.69672881,2.160863161,0.03913641,5.622744322,43.5194727,622
github.com/dscsfan/demo-MODOS-AWS,0,0,demo-MODOS-AWS/bastion_host/,1,1,0,0,1,0,31.63337231,1.730012178,0.038795471,5.767856121,39.17003608,90
github.com/Sunil4517/EKS,0,0,EKS/bcaacai-aws-iac-bcaa-4249082e8d91/bcaacai-aws-iac-bcaa-4249082e8d91/demo/tf-ec2-demo1/,1,1,0,0,1,0,30.6366241,1.801416159,0.03801918,5.232238531,37.70829797,44
github.com/DButter/elk-ecs-cluster,0,1,elk-ecs-cluster/modules/ELK/,1,4,2,2,1,64,33.09210062,2.320682049,0.099743605,5.563533783,41.07606006,620
github.com/rahil033/terraform_project,0,0,terraform_project/terraform_workspace/terraform_module/network/igw/,1,0,0,0,1,0,31.74087,1.987861156,0.033423185,5.469852448,39.23200679,41
github.com/sprathod369/iac-example,0,0,iac-example/terraform/aws/example_ALBDropHttpHeaders/,1,5,0,0,1,0,32.07171059,1.820750713,0.05225873,5.231638193,39.17635822,95
github.com/stootles/mylabs,0,0,mylabs/global/logging/,1,0,2,1,1,4,30.8451128,1.774046659,0.055365324,5.37686348,38.05138826,219
github.com/tomasdepi/terraform-course,0,1,terraform-course/lab1/,1,1,0,0,1,0,31.00721407,1.547048092,0.03732872,5.334575415,37.9261663,42
github.com/jakoberpf/a-cloud-guru-aws-architect-associate,0,0,a-cloud-guru-aws-architect-associate/13_serverless/,4,1,1,0,1,16,34.67953181,3.639853239,0.052931309,5.631048441,44.0033648,358
github.com/shaikis/terraform-aws-datasync,0,1,terraform-aws-datasync/datasync_terraform/,1,4,0,2,1,36,31.13892245,1.833001137,0.072995186,5.599184036,38.64410281,234
github.com/msaqibhashmi/weblate-iac,0,0,weblate-iac/deploy/modules/ec2-instance/,1,1,0,0,1,0,31.26030612,1.776545763,0.03801465,5.282288551,38.35715508,120
github.com/hyperglance/deploy,0,4,deploy/AWS/Terraform/EC2/,1,3,0,2,1,24,16.28153253,1.868348122,0.050188065,5.591728449,23.79179716,385
github.com/Htunn/IaC_Terraform,0,1,IaC_Terraform/aws_ligtsail/,1,0,0,0,1,0,11.51497531,1.687201262,0.036964417,5.39198494,18.63112593,58
github.com/a-sinkavets/devops-task-02,0,0,devops-task-02/tf-ecs-fargate/,1,2,0,0,1,24,14.75560832,1.736454248,0.053565741,5.5401299,22.08575821,215
github.com/sal12oni/aws_azure_migration,0,0,aws_azure_migration/aws/environments/prod/,5,12,8,9,1,204,33.97994232,2.62754941,0.277893066,5.849436998,42.7348218,441
github.com/adilogishetty/AWS-DevOps,0,3,AWS-DevOps/elb_route53_cloudwatch_lamda/,4,5,0,1,1,68,31.03905797,2.584425926,0.084555864,5.674478292,39.38251805,378
github.com/easyas314159/lobbyboy,0,0,lobbyboy/terraform/aws/,1,3,0,3,1,76,16.77472186,2.238822699,0.053599119,5.728696346,24.79584002,344
github.com/sdr077/AppMonitor,0,0,AppMonitor/LSEG_Terraform_Demo/,4,1,0,0,1,12,32.9717586,2.166447401,0.045424223,5.490337372,40.6739676,346
github.com/karrybit/ayatori,0,0,ayatori/example/service_A/develop/,1,3,0,0,1,0,30.19809508,1.941191912,0.04757905,5.463109493,37.64997554,48
github.com/ericdahl/tf-vpn-sandbox,0,1,tf-vpn-sandbox/openvpn/,4,4,0,2,1,24,31.93152452,2.655123234,0.069400549,5.93059659,40.58664489,229
github.com/arthurngatat/Tia-first-copy,0,0,Tia-first-copy/TERRAFORM/jenkins/jenkins-with-ami-data-source/,1,2,0,1,1,12,35.14131713,1.964982986,0.045427561,5.776161909,42.92788959,144
github.com/mallebris/rest-api-deployment-example,0,0,rest-api-deployment-example/aws/single_app/terraform/,1,3,0,2,1,76,17.29382157,2.5554142,0.074116707,5.7701509,25.69350338,340
github.com/ucopacme/terraform-modules,0,2,terraform-modules/alb/,1,2,0,1,1,32,32.37347198,2.034245968,0.044114351,5.837746859,40.28957915,289
github.com/foresighttech/terraform-vpc-module,0,0,terraform-vpc-module/child_vpc/,4,0,0,0,1,0,32.33622527,2.186578989,0.036519289,5.449618816,40.00894237,178
github.com/javyak/nw_public_cloud,0,0,nw_public_cloud/S02/,1,2,0,1,1,12,30.7484889,1.621850491,0.049788713,5.391355038,37.81148314,77
github.com/aheadlabs/iac-toolset,0,1,iac-toolset/aws/aurora_database_cluster/,1,0,1,0,1,0,32.9033761,1.672163963,0.037769318,4.620944977,39.23425436,93
github.com/syousry6/Modules,0,0,Modules/aws/alb-ingress-controller/,1,1,0,0,1,12,34.68276811,2.146719456,0.038115263,4.799129248,41.66673207,573
github.com/hsinha2019/CICDPipeline,0,1,CICDPipeline/IAAC/tf/,1,9,1,7,1,92,32.55314112,2.31289506,0.137019157,5.180287838,40.18334317,850
github.com/ericdahl/tf-vpc-sandbox,0,0,tf-vpc-sandbox/alb-perf/,2,7,0,3,1,68,30.1198318,2.115006685,0.105347157,4.926073551,37.26625919,354
github.com/mudmuseum/terraform-modules,0,1,terraform-modules/alb/,1,2,0,1,1,32,31.81286645,1.836295128,0.044368029,4.915658474,38.60918808,289
github.com/thilinajayanath/thesis,0,0,thesis/terraform/modules/aws/instance/,1,2,0,1,1,12,31.51235366,1.812662363,0.053447485,4.732714653,38.11117816,136
github.com/vinovee/terraform-modules,0,0,terraform-modules/alb/,1,2,0,1,1,32,32.85791874,1.944955587,0.047052383,4.912109137,39.76203585,289
github.com/casc3798/terragrunt-modules,0,1,terragrunt-modules/aws_amplify/,1,1,0,0,1,0,30.69304442,1.62449789,0.040558338,4.706120968,37.06422162,72
github.com/ldynczuki/ml-platform-engineer,0,0,ml-platform-engineer/code/terraform/,1,6,3,5,1,152,16.23450971,2.098932505,0.152004957,5.246877909,23.73232508,587
github.com/prodapt-cloud/TerraformRepo,0,4,TerraformRepo/AWS/ApplicationIntegration/terraform-lambda/,1,3,1,3,1,68,37.82316065,7.366808653,0.064576149,5.253705263,50.50825071,4882
github.com/georgearce24/aquasecurity-trivy,0,0,aquasecurity-trivy/examples/misconf/mixed/configs/,1,5,0,0,1,60,33.35531873,2.521420717,0.092137575,5.9036057,41.87248272,81
github.com/semashkinvg/terraform-tests-aws,0,0,terraform-tests-aws/nat-gw/,4,0,0,0,1,0,9.857057571,2.040530682,0.039482117,4.880117655,16.81718802,143
github.com/danu165/terraform-bugs,0,0,terraform-bugs/glue_catalog_table_error/,1,1,1,1,1,8,14.13020849,1.943022251,0.047011614,6.045535088,22.16577744,142
github.com/suyog1pathak/eks,0,0,eks/bcaacai-aws-iac-bcaa-4249082e8d91/bcaacai-aws-iac-bcaa-4249082e8d91/demo/tf-ec2-demo1/,1,1,0,0,1,0,31.99756837,2.361177683,0.047445059,6.132642508,40.53883362,44
github.com/koffe0522/terraform-templates,0,1,terraform-templates/ecs-fargate/,1,0,0,0,1,0,34.42589569,1.835621834,0.036567211,5.93555069,42.23363543,41
github.com/balu970/Terraform-modules,0,1,Terraform-modules/alb/,1,2,0,1,1,32,32.63769197,2.174976587,0.062901974,5.84032011,40.71589065,289
github.com/ashkan3/demo-streaming-app,0,0,demo-streaming-app/infra/global/s3/,1,0,1,0,1,4,33.709584,2.052003145,0.042484045,6.378636837,42.18270802,48
github.com/schubergphilis/regional-network,0,4,regional-network/dns-resolvers/,1,6,0,2,1,64,34.81562567,1.939753056,0.0636096,6.297167063,43.11615539,186
github.com/gchek/egress-vpc,0,0,egress-vpc/p1/EC2s/,1,2,0,0,1,0,35.54504299,2.055927038,0.044139624,5.412363291,43.05747294,88
github.com/Sainadh086/Terraform-modules,0,0,Terraform-modules/alb/,1,2,0,1,1,32,31.60322738,1.98853898,0.047112465,5.886639357,39.52551818,289
github.com/Paridhi-Mohindra/terraform-aws-api-gw-cookiecutter-template,0,0,terraform-aws-api-gw-cookiecutter-template/{{cookiecutter.project_name}}/,1,1,0,0,1,12,15.69333768,1.968060732,0.040537834,5.53212738,23.23406363,237
github.com/vadhri/cloud-tech-notebook,0,0,cloud-tech-notebook/tform/ec2-ipv6/,2,2,0,1,1,12,13.3631115,2.354732752,0.052036285,5.52575779,21.29563832,186
github.com/reg-dataplatform/reg-aws-terraform-library,0,0,reg-aws-terraform-library/step_function/,1,1,0,0,1,0,31.10640097,1.63517046,0.041420937,5.338747025,38.12173939,68
github.com/fabiodsilva/terraform-efs-datasync-awsbackup,0,4,terraform-efs-datasync-awsbackup/datasync/,1,0,0,0,1,0,31.2036705,1.648587704,0.033722639,5.504212141,38.39019299,129
github.com/VictorAparecidoRibeiro/terraform-aws,0,0,terraform-aws/script/file/,1,0,0,0,1,0,3.51993084,1.871999502,0.038583517,6.818358898,12.24887276,57
github.com/MundiCollins/multi-account-kinesis-to-redshift,0,0,multi-account-kinesis-to-redshift/environments/,1,4,3,6,1,104,17.50406551,2.664447308,0.173319578,8.741575241,29.08340764,210
github.com/devopskd/terraform-aws-iam,0,0,terraform-aws-iam/examples/iam-account/,1,2,0,0,1,24,35.92406487,2.184064627,0.058513403,6.206733942,44.37337685,59
github.com/nisinghvmware/nitin,0,4,nitin/aws-mock/,1,1,0,0,1,0,34.0281601,1.934263229,0.048811913,5.978902102,41.99013734,50
github.com/jipara/aws-backup-cross-account,0,0,aws-backup-cross-account/destination-account/,1,0,0,0,1,0,12.94757509,2.006432772,0.042299986,5.871562719,20.86787057,79
github.com/andremulin/aws_route53_strategies_article,0,0,aws_route53_strategies_article/hibrid/,1,2,0,0,1,0,34.34201598,1.922705173,0.046531439,5.83791399,42.14916658,92
github.com/EmmanuelFelipe/terraform-modules,0,1,terraform-modules/alb/,1,2,0,1,1,32,34.16265488,2.273623228,0.056087255,6.316334248,42.80869961,289
github.com/TanAlex/terraform-vpc-alb-ecs-acm-waf,0,0,terraform-vpc-alb-ecs-acm-waf/modules/terraform-requirements/,1,0,2,0,1,4,35.07234097,2.312905073,0.051084042,5.958334208,43.39466429,170
github.com/pkuma343/aws-resource-tagging-poc-work,0,1,aws-resource-tagging-poc-work/extractResources/terraformExtractRes/,1,2,0,1,1,44,34.21472621,2.033704281,0.063027143,6.453980207,42.76543784,173
github.com/abondar24/ServerlessAI,0,1,ServerlessAI/FeedbackFilter/CloudResources/,1,7,3,10,1,212,13.3858459,2.773028135,0.172441244,6.569328547,22.90064383,769
github.com/zeadailson/eks-with-terraform,0,0,eks-with-terraform/,1,0,0,0,1,0,39.49248999,2.791216373,0.046441078,6.662686825,48.99283426,988
github.com/deepakkapse/EKS-task,0,0,EKS-task/,1,0,0,0,1,0,38.28617537,2.921424389,0.03857851,6.168129444,47.41430772,214
github.com/gadgetry-io/terraform-aws-sso-permission-set,0,0,terraform-aws-sso-permission-set/,1,6,0,2,1,32,35.84434569,4.024483681,0.092455387,8.196208477,48.15749324,150
github.com/asannou/terraform-aws-guardduty-organization,0,2,terraform-aws-guardduty-organization/,1,7,2,13,1,228,31.69747443,4.085352182,0.191460848,7.135253191,43.10954065,867
github.com/kujalk/CI-CD-pipeline-AWS,0,2,CI-CD-pipeline-AWS/,1,0,0,0,1,0,37.19649105,3.081311941,0.041026115,6.001004219,46.31983333,610
github.com/fstuck37/terraform-aws-sec-vpc,0,0,terraform-aws-sec-vpc/,1,0,0,0,1,0,31.19907292,3.261784315,0.040908337,6.091721535,40.59348711,847
github.com/neticdk/tf-aws-rds-cluster-parameter-group,0,0,tf-aws-rds-cluster-parameter-group/,1,3,0,3,1,64,36.1338672,3.41302228,0.076715469,9.009370565,48.63297551,164
github.com/fedesan/terraform-aws-wafv2-cloudflare,0,0,terraform-aws-wafv2-cloudflare/,3,4,0,0,1,36,38.20349741,3.039169788,0.092175007,7.660374641,48.99521685,320
github.com/bayinfosys/aws-cognito,0,0,aws-cognito/,1,0,0,0,1,0,34.68587925,2.847887039,0.047826052,6.460787058,44.0423794,249
github.com/akshay0990/terraform-tasks,0,0,terraform-tasks/,1,5,2,1,1,12,14.96246552,3.428791761,0.125965357,7.150430679,25.66765332,71
github.com/chmoon93/cross-region-replication,0,0,cross-region-replication/,6,4,0,1,1,24,33.59263586,3.983319044,0.085345745,7.403645754,45.06494641,95
github.com/evk1986/aws,0,0,aws/,1,6,0,0,1,0,32.62080073,2.985742807,0.083617926,6.366265774,42.05642724,140709
github.com/ricardomessiaszup/terraform_aws_opsworks_stack,0,0,terraform_aws_opsworks_stack/,1,18,6,27,1,552,34.6672133,4.87308073,0.407130718,7.812820673,47.76024542,112
github.com/jonunger/roxberry,0,1,roxberry/,1,0,0,0,1,0,36.97836491,3.391672134,0.036164284,6.56399703,46.97019836,83
github.com/max-l-weaver/terraform_route53_dyn,0,1,terraform_route53_dyn/,1,2,0,0,1,12,39.56748665,3.105378151,0.065437317,6.631795406,49.37009752,109
github.com/chuleh/tf-aws-vpc-link-module,0,0,tf-aws-vpc-link-module/,1,0,0,0,1,0,36.59387837,2.995612383,0.04823041,6.425677776,46.06339893,50
github.com/annagtaraujo/Terraform-Transit-Gateway,0,1,Terraform-Transit-Gateway/,1,1,0,0,1,0,37.67667097,3.607460737,0.062985182,7.02529645,48.37241334,1332
github.com/cmdlabs/cmd-tf-aws-guardduty,0,1,cmd-tf-aws-guardduty/,1,0,0,0,1,0,31.55057847,3.652622938,0.055450678,7.775268078,43.03392016,362
github.com/longhanhee/ecs-microservices-mall-learning,0,0,ecs-microservices-mall-learning/,1,0,1,0,1,4,32.57707577,3.873329401,0.051108122,6.374630213,42.87614351,1885
github.com/JamesWoolfenden/terraform-aws-trafficmirror,0,1,terraform-aws-trafficmirror/,1,6,1,1,1,72,27.90737343,3.260342598,0.141192436,6.87755847,38.18646693,176
github.com/kirkryan/tf-kitc-terraform-complex-deploy-aws,0,0,tf-kitc-terraform-complex-deploy-aws/,1,1,0,0,1,0,35.97770815,2.783715725,0.042820454,6.175258636,44.97950297,89
github.com/raphaeljoie/terraform-aws-accounts,0,0,terraform-aws-accounts/,1,3,1,2,1,40,37.34825267,3.414201975,0.06629777,6.506592035,47.33534445,250
github.com/Shivamya30/Terraform_RDS_ec2_vpc,0,0,Terraform_RDS_ec2_vpc/,1,9,2,1,1,120,39.40379717,3.229824066,0.191717863,6.785376549,49.61071564,183
github.com/akestner/fully-connected-mesh,0,0,fully-connected-mesh/,1,4,0,0,1,24,39.39214853,2.816995859,0.080990314,6.725892782,49.01602748,551
github.com/barracuda-ess/terraform-aws-waf-webaclv2,0,0,terraform-aws-waf-webaclv2/,1,4,0,0,1,48,36.70571747,3.40912056,0.067184448,6.92699194,47.10901442,852
github.com/Paridhi-Mohindra/1-aws,0,0,1-aws/,3,1,0,0,1,12,34.01440968,3.789888382,0.059574842,6.669853687,44.53372659,237
github.com/111crb111/terraform-aws-rds-no-versions,0,1,terraform-aws-rds-no-versions/,1,4,0,0,1,24,38.04804369,2.908645391,0.073866844,6.449294329,47.47985025,106
github.com/dwp/dataworks-aws-tarball-ingester,0,0,dataworks-aws-tarball-ingester/,1,4,0,0,1,48,30.71683751,3.484256983,0.082235336,6.752439976,41.03576981,970
github.com/indukuri27/aws-configrule,0,0,aws-configrule/,1,0,0,0,1,0,38.61289145,3.134487629,0.051628113,6.952612877,48.75162007,479
github.com/hekonsek/terraform-aws-sso,0,0,terraform-aws-sso/,1,5,0,4,1,80,37.10808839,3.422249556,0.105723381,6.830584764,47.46664609,198
github.com/melverano/aws_scheme_terraform,0,0,aws_scheme_terraform/,8,6,1,5,1,40,36.96467033,5.690916061,0.099753618,7.024321079,49.77966109,419
github.com/sirkells/terraform-ec2-prometheus-with-keypair,0,0,terraform-ec2-prometheus-with-keypair/,1,3,0,2,1,24,35.67518181,2.788788557,0.057856083,6.450621605,44.97244805,248
github.com/pgreene/terraform-aws-elasticache-security-group,0,0,terraform-aws-elasticache-security-group/,1,0,0,0,1,0,33.1458652,2.653752565,0.044342518,6.286557674,42.13051796,54
github.com/TheCountt/terraform-cloud,0,1,terraform-cloud/,1,36,20,37,1,664,39.50681656,4.856146574,0.373234272,7.701118469,52.43731588,1556
github.com/btower-labz/terraform-aws-btlabz-arch-ref-asg-codedeploy-module,0,1,terraform-aws-btlabz-arch-ref-asg-codedeploy-module/,2,8,2,4,1,68,33.27176434,3.898967743,0.169333696,6.988272905,44.32833868,147
github.com/ardikabs/terraform-aws-vpc,0,0,terraform-aws-vpc/,3,6,0,0,1,60,36.8702238,3.693184853,0.108006239,7.545144081,48.21655897,1729
github.com/annagtaraujo/Terraform-TGW-with-VPN,0,2,Terraform-TGW-with-VPN/,1,0,0,0,1,0,32.50253262,2.720698833,0.046817303,7.736877203,43.00692596,1507
github.com/gpolicante/eks_terra,0,0,eks_terra/,1,3,0,2,1,52,37.95148158,4.497517586,0.08059907,8.057225227,50.58682346,93
github.com/pratadaniel94/InfraAsCode-PROD,0,0,InfraAsCode-PROD/,1,1,0,0,1,0,30.16197895,3.129312754,0.051334143,6.760500908,40.10312675,53
github.com/chidrup/terraform_aws,0,0,terraform_aws/,1,3,0,0,1,36,33.39633409,3.003630638,0.070162296,7.18882513,43.65895215,611
github.com/seemscloud/terraform-aws-elasticsearch-service,0,1,terraform-aws-elasticsearch-service/,1,0,0,0,1,0,34.78459625,3.328410625,0.037353992,7.215941668,45.36630254,836
github.com/akemyy/beer,0,0,beer/,1,0,0,0,1,0,34.91550289,4.078817606,0.051564693,8.155837536,47.20172272,410
github.com/sgLancelot/serverless-sms-reminder,0,0,serverless-sms-reminder/,1,0,2,0,1,4,19.60530639,2.806643724,0.050216436,6.792513371,29.25467992,266
github.com/ValAug/VPC-Peering,0,1,VPC-Peering/,1,9,0,0,1,0,39.8604195,2.765052319,0.065825701,6.395853043,49.08715056,105
github.com/SebastianUA/terraform-aws-cloudfront,0,3,terraform-aws-cloudfront/,1,1,0,0,1,12,37.57359476,2.974571228,0.064399481,6.665327549,47.27789302,1027
github.com/Cloud-42/terraform-aws-bastion,0,5,terraform-aws-bastion/,10,12,0,12,1,72,39.18478747,4.910778761,0.186233997,6.923684597,51.20548483,420
github.com/nileshvmware/terrrra,0,0,terrrra/,1,0,1,0,1,4,34.33734661,3.517013311,0.051719189,6.852412939,44.75849205,367
github.com/seanremenyi/service_catalog,0,0,service_catalog/,2,7,1,3,1,104,38.70060827,5.332816839,0.126660824,6.715069294,50.87515523,58
github.com/MIsazaB95/Ramup_nodejs_Infra,0,0,Ramup_nodejs_Infra/,1,0,0,0,1,0,34.88718818,3.286131144,0.03895998,6.426401377,44.63868068,1153
github.com/akkisain/TerraFrom-learniing,0,0,TerraFrom-learniing/,1,0,0,0,1,0,24.68540382,2.474111319,0.039852619,6.605203152,33.80457091,151
github.com/jorgechato/platform-tf,0,0,platform-tf/,1,2,0,0,1,24,36.01751568,3.244131565,0.05381608,6.627310276,45.9427736,704
github.com/cdeucher/terraform-aws-vpc,0,0,terraform-aws-vpc/,2,2,1,2,1,16,30.23887785,3.897010326,0.082752466,7.345584154,41.56422479,1729
github.com/K-taiga/aws_security,0,0,aws_security/,1,1,0,0,1,0,32.32758728,3.301297903,0.069673061,7.284448862,42.98300711,594
github.com/piotsik/flights_analyser,0,0,flights_analyser/,1,1,0,0,1,12,22.90492249,3.468636274,0.052615643,7.299981594,33.726156,1205
github.com/mackah666/aws-managed-client-vpn,0,0,aws-managed-client-vpn/,1,0,1,0,1,0,36.03019374,2.836384296,0.046682358,6.454200268,45.36746066,148
github.com/hhhjjj96/Terraform-project,0,1,Terraform-project/,1,0,0,0,1,0,33.60902659,4.591014624,0.046325445,6.506601334,44.75296799,1412
github.com/mzcdev/terraform-aws-eks,0,2,terraform-aws-eks/,1,0,0,0,1,0,35.56032476,3.038249493,0.040941477,6.436006069,45.0755218,580
github.com/basisai/terraform-aws-sts-csi-disks,0,2,terraform-aws-sts-csi-disks/,2,6,2,1,1,80,32.12562173,4.199557066,0.198015451,7.07339716,43.59659141,462
github.com/awsautomation/kongUAT,0,0,kongUAT/,2,3,0,2,1,12,39.11697299,3.502457857,0.088186979,6.651560307,49.35917813,1981
github.com/snapdocs/terraform-aws-inspector,0,1,terraform-aws-inspector/,1,0,1,0,1,0,36.08998028,3.120240688,0.051450491,6.651576757,45.91324821,63
github.com/wimaac/red_team,0,0,red_team/,3,8,4,6,1,72,35.1370761,5.195477247,0.24776721,7.984117746,48.5644383,176
github.com/cpodieu1/Hello-Word,0,0,Hello-Word/,1,1,0,0,1,12,30.19466538,3.099288225,0.04711175,6.874306679,40.21537204,45
github.com/osodevops/aws-terraform-module-iam-groups,0,1,aws-terraform-module-iam-groups/,6,4,0,1,1,24,37.97884215,4.144712448,0.11905241,7.124786377,49.36739339,1194
github.com/yakisialiou/terraforming-ecs,0,0,terraforming-ecs/,10,13,0,13,1,84,39.62193746,4.450196743,0.22631669,6.860286713,51.15873761,374
github.com/Road-To-FinOps-Deploy/aws_tf_rds_delete_unattached_cleaner,0,0,aws_tf_rds_delete_unattached_cleaner/,1,2,0,0,1,0,31.60671557,2.81223321,0.050457478,8.171277046,42.6406833,161
github.com/jrpradojr/terraform-aws-vpc-peering-inter-region,0,1,terraform-aws-vpc-peering-inter-region/,1,0,0,0,1,0,33.68649614,3.538552999,0.040539265,6.502679586,43.76826799,340
github.com/mdigbazova/terraforming-add-a-new-customer,0,0,terraforming-add-a-new-customer/,4,8,3,1,1,60,38.85295717,4.211023808,0.115758181,6.630864859,49.81060401,6209
github.com/MyCloudSeries/aws-ecr-terraform,0,0,aws-ecr-terraform/,4,3,0,1,1,24,38.41482189,3.542820692,0.110349655,6.422137499,48.49012973,101
github.com/william-librata/librata-io-wordpress,0,0,librata-io-wordpress/,1,7,2,4,1,124,36.4509893,3.488202572,0.155217409,6.996498585,47.09090787,42
github.com/jsdads11/terra-artemis-amq,0,0,terra-artemis-amq/,1,5,0,4,1,116,34.58098755,2.986196995,0.100589275,7.253127813,44.92090163,326
github.com/RPISDD/DeployScripts,0,0,DeployScripts/,1,0,0,0,1,0,36.45940209,3.820325136,0.041775703,7.154145241,47.47564817,104
github.com/bentinata/tf,0,0,tf/,1,1,0,0,1,12,37.48806172,3.64354229,0.054022789,8.238728523,49.42435532,1841
github.com/111crb111/terraform-aws-rds-no-versions2,0,0,terraform-aws-rds-no-versions2/,1,0,0,0,1,0,39.54482015,2.928797007,0.042129993,6.11183691,48.62758406,106
github.com/shreedhargowda/tfcloud,0,1,tfcloud/,1,0,0,0,1,0,32.98912794,2.769681215,0.042350769,6.059662104,41.86082203,68
github.com/jmcorallo/terraform-aws-kms,0,1,terraform-aws-kms/,4,7,1,8,1,32,36.78161816,4.317231655,0.115548134,6.401544571,47.61594252,205
github.com/Hmh4575/multi-cloud-vpn-master,0,0,multi-cloud-vpn-master/,1,2,0,1,1,12,36.37093445,2.594080925,0.049902916,6.22418046,45.23909876,1208
github.com/akestner/terraform-app-mesh,0,0,terraform-app-mesh/,1,0,1,0,1,4,38.40026152,4.841263056,0.072363138,6.85700798,50.17089569,194
github.com/jonasv/MFTEST_source-code,0,0,MFTEST_source-code/,6,4,0,1,1,24,31.92490406,4.331514835,0.088624477,7.291374683,43.63641805,162
github.com/farahbhr/AWS,0,0,AWS/,1,7,3,0,1,72,24.22849655,3.546561718,0.16304183,8.309355497,36.2474556,140709
github.com/afonsoaugusto/terraform-aws-s3-webapp,0,1,terraform-aws-s3-webapp/,5,8,1,10,1,164,31.29841232,4.896280527,0.186398745,7.81483674,44.19592834,2577
github.com/rock7/cloudloop-sqs-terraform-module,0,0,cloudloop-sqs-terraform-module/,1,2,0,1,1,32,33.96535324,3.265495777,0.057769537,7.940244675,45.22886323,195
github.com/111crb111/terraform-uknownprovider-rds-no-versions,0,0,terraform-uknownprovider-rds-no-versions/,10,16,1,11,1,96,34.97064625,4.879492998,0.201376438,7.203296423,47.25481211,106
github.com/sayan83/Crowdless,0,0,Crowdless/,1,3,0,3,1,24,34.35303911,3.600254059,0.063122988,7.174093962,45.19051011,502
github.com/nzrf/aws-orgs-mgmt,0,0,aws-orgs-mgmt/,1,1,0,0,1,12,36.81712413,3.265788555,0.051826954,6.516866446,46.65160608,232
github.com/j0rzsh/aws-iot-meetup,0,0,aws-iot-meetup/,1,4,11,13,1,80,33.75945955,6.968548059,0.218438148,7.733273506,48.67971927,652
github.com/LKHetzel/tftest,0,1,tftest/,1,2,2,1,1,28,31.16364431,5.175734043,0.082593918,6.58893466,43.01090693,127
github.com/alessanderviana/its-poc,0,0,its-poc/,1,0,0,0,1,0,30.65353084,3.151824236,0.099221468,4.795606136,38.70018268,245
github.com/EmanuelBurgess/Spencerscode,0,0,Spencerscode/,1,0,0,0,1,0,30.73970413,2.423825979,0.038328171,4.515925884,37.71778417,368
github.com/OumaimaHmoudou/CC_1,0,0,CC_1/,2,6,2,1,1,80,30.23346472,2.856474638,0.163954496,4.736720562,37.99061441,551
github.com/foss-cafe/learn-sentinal,0,0,learn-sentinal/,2,3,0,2,1,12,30.82937694,2.506815672,0.062781334,4.591443062,37.990417,110
github.com/srinin01/cicdterraformpipeline,0,0,cicdterraformpipeline/,1,0,1,0,1,0,30.51128602,2.15080452,0.03643775,4.425257921,37.12378621,552
github.com/shepherd44/terraform-aws-codeartifact,0,4,terraform-aws-codeartifact/,3,8,4,6,1,72,18.13625431,3.446747303,0.189093113,4.741363525,26.51345825,115
github.com/danielssabin/teste,0,0,teste/,1,1,0,0,1,12,32.26321387,2.38535285,0.03958559,4.595742702,39.28389502,86
github.com/UKHomeOffice/dq-tf-aws-compliance-ci-infra,0,1,dq-tf-aws-compliance-ci-infra/,6,4,0,1,1,24,32.86406255,3.300920248,0.08003521,4.632556438,40.87757444,189
github.com/dolow/terraform-aws-apigateway-lambda,0,0,terraform-aws-apigateway-lambda/,10,13,0,13,1,84,31.53019261,3.542285204,0.1723423,4.822881222,40.06770134,222
github.com/DianaMayesCloud/Project-v1,0,0,Project-v1/,1,2,0,0,1,0,30.91575599,2.269822836,0.040872335,4.522214174,37.74866533,1428
github.com/Deval07GitHub/IAM-Service-Terraform,0,1,IAM-Service-Terraform/,1,0,0,0,1,0,30.39534998,2.721514463,0.034604073,4.547847271,37.69931579,135
github.com/alistairjordan/aws-auto-account,0,0,aws-auto-account/,4,8,3,1,1,60,17.01703405,4.670001984,0.103318691,4.815852404,26.60620713,1084
github.com/UKHomeOffice/acp-guardduty-detector-tf,0,1,acp-guardduty-detector-tf/,4,3,0,1,1,24,35.2342515,2.893505096,0.069734335,4.682835579,42.88032651,138
github.com/FrequencyUnk/hcp-vault-vpc-demo,0,0,hcp-vault-vpc-demo/,1,7,2,4,1,124,36.9571414,3.620029211,0.114820242,4.991298199,45.68328905,163
github.com/gmirsky/terraform-aws-neptune,0,0,terraform-aws-neptune/,1,5,0,4,1,116,30.84836936,2.447813272,0.070467949,5.030016184,38.39666677,453
github.com/edwardpius/terraform-aws-msad,0,0,terraform-aws-msad/,1,0,0,0,1,0,32.33897233,2.551845312,0.034534454,4.573935747,39.49928784,505
github.com/byu-oit/terraform-aws-ses,0,0,terraform-aws-ses/,1,1,0,0,1,12,33.48967433,2.57557106,0.041226387,4.745802164,40.85227394,162
github.com/Venkateshg07/s3crossreplication,0,1,s3crossreplication/,1,0,0,0,1,0,30.52040601,2.523104191,0.032547951,4.548274994,37.62433314,453
github.com/atc-labs/terraform-aws-vpc-peering,0,1,terraform-aws-vpc-peering/,1,0,0,0,1,0,31.16017652,2.235934258,0.034043312,4.560204029,37.99035811,313
github.com/Angelszm/terraform-aws-iot,0,2,terraform-aws-iot/,4,7,1,8,1,32,32.50333238,3.711522818,0.098872185,4.871623278,41.18535066,127
github.com/genstackio/terraform-aws-ses,0,2,terraform-aws-ses/,1,2,0,1,1,12,30.68766904,2.18550396,0.047585964,4.690640688,37.61139965,162
github.com/dwp/terraform-aws-waf,0,3,terraform-aws-waf/,1,0,1,0,1,4,30.38822842,3.438745499,0.041133642,4.64832902,38.51643658,2034
github.com/reachmenetym/terraform-s3-lambda,0,0,terraform-s3-lambda/,6,4,0,1,1,24,32.76444125,3.153960705,0.077383995,4.730899334,40.72668529,370
github.com/ag-pinguin/terraform_rds_replication,0,0,terraform_rds_replication/,1,7,3,0,1,72,10.53310943,2.607434511,0.079130173,4.95513773,18.17481184,810
github.com/narendra311777/myeksterraform,0,0,myeksterraform/,5,8,1,10,1,164,20.50956941,3.529548645,0.15549159,4.995892763,29.19050241,494
github.com/UKHomeOffice/acp-tf-GuardDuty-Masteraccount,0,1,acp-tf-GuardDuty-Masteraccount/,1,2,0,1,1,32,32.12057877,2.396555185,0.048115492,4.996984959,39.5622344,799
github.com/lukdeboss/aws_tf,0,0,aws_tf/,10,16,1,11,1,96,31.51696014,3.402419806,0.162667274,4.987737417,40.06978464,76
github.com/javahometech/aws-configrule,0,3,aws-configrule/,1,3,0,3,1,24,39.32305002,2.953238487,0.052785635,4.835671902,47.16474605,479
github.com/ReeceRose/home-network-proxy,0,0,home-network-proxy/,1,1,0,0,1,12,19.3705101,2.514919281,0.039435387,4.651892424,26.57675719,714
github.com/dCode0/newJenkins,0,0,newJenkins/,1,4,11,13,1,80,35.22034216,3.146982908,0.194658518,5.167720079,43.72970366,369
github.com/zerosoftwere/aws-msk-demo,0,0,aws-msk-demo/,1,0,0,0,1,0,30.48493505,2.245346785,0.031877995,4.510461092,37.27262092,281
github.com/daduskacpokus/aws-sftp-family,0,0,aws-sftp-family/,1,2,2,1,1,28,16.96328974,2.232931614,0.074873209,4.854801655,24.12589622,142
github.com/Franco-Simone/Obligatorio-ISC,0,0,Obligatorio-ISC/,1,0,1,0,1,4,30.76303029,2.124910116,0.038231373,4.68900156,37.61517334,390
github.com/pgastinger/terraform-aws-vpn-bgp-demo,0,0,terraform-aws-vpn-bgp-demo/,1,10,0,0,1,120,30.56069851,2.518752813,0.086958408,5.109642506,38.27605224,553
github.com/Prashant-jumpbyte/terraform-aws-inspector-setup,0,7,terraform-aws-inspector-setup/,3,5,0,2,1,76,32.88027835,2.780822515,0.088880539,5.06248641,40.81246781,239
github.com/kemoosabee/lambda_function,0,0,lambda_function/,1,4,0,1,1,56,32.05311704,2.556788683,0.089076996,4.999134779,39.69811749,520
github.com/JamesWoolfenden/terraform-aws-waf-regional,0,1,terraform-aws-waf-regional/,1,0,0,0,1,0,30.82068157,2.455720425,0.034871101,4.545691252,37.85696435,202
github.com/Kaiohenriqueps/terraform-lambda-dynamodb,0,1,terraform-lambda-dynamodb/,12,11,2,3,1,100,9.647483826,3.761828899,0.233158827,5.061360836,18.70383239,277
github.com/hari0034/tf-module-security-hub,0,0,tf-module-security-hub/,1,0,0,0,1,0,14.73822451,2.243467331,0.032991886,4.652981997,21.66766572,47
github.com/cloudsoft/terraform-provider-aws-service-catalog-demos,0,0,terraform-provider-aws-service-catalog-demos/,1,0,0,0,1,0,30.45711422,2.101692677,0.033792257,4.663247585,37.25584674,147
github.com/north-kite/terraform-aws-egress-proxy,0,2,terraform-aws-egress-proxy/,1,1,0,0,1,12,30.53326821,2.694203854,0.039767265,4.853625298,38.12086463,894
github.com/SebastianUA/terraform-aws-vpc,0,1,terraform-aws-vpc/,1,0,8,0,1,0,30.35314512,2.188737392,0.058710814,4.653403044,37.25399637,1729
github.com/cmdlabs/cmd-tf-aws-budgets,0,0,cmd-tf-aws-budgets/,5,39,7,90,1,116,39.39629769,4.176041365,0.585476398,5.121883392,49.27969885,357
github.com/yuukiyo/terraformAppSync,0,0,terraformAppSync/,1,0,1,0,1,0,30.71044612,2.252120018,0.037576914,4.598617792,37.59876084,296
github.com/c0ldb00t3r/scripts,0,0,scripts/,1,0,0,0,1,0,31.18543839,2.199512482,0.033340216,4.649377823,38.06766891,217
github.com/rails-on-services/terraform-aws-globalaccelerator,0,3,terraform-aws-globalaccelerator/,1,0,1,0,1,0,30.91599298,2.410143375,0.037105322,4.836990356,38.20023203,137
github.com/jitendrapsingh/Backup_RDS,0,0,Backup_RDS/,5,0,0,0,1,0,24.56560683,3.628599882,0.037225008,4.669984341,32.90141606,60
github.com/yoshi65/test_codepipeline,0,0,test_codepipeline/,1,5,0,0,1,60,30.42493653,2.423633337,0.056817055,4.861971855,37.76735878,218
github.com/vladcar/terraform-aws-http-api-gatewayV2-jwt-authorizer,0,1,terraform-aws-http-api-gatewayV2-jwt-authorizer/,1,0,1,0,1,4,30.512182,4.036561251,0.040507078,4.738403559,39.32765388,60
github.com/CIPowell/chrisipowell-be,0,0,chrisipowell-be/,1,3,0,0,1,0,30.39982152,2.388942242,0.043301105,4.602977753,37.43504262,369
github.com/mrajani/learntf,0,0,learntf/aws/,2,3,3,8,1,84,39.18074846,4.759220839,0.100187302,7.835564852,51.87572145,1152
github.com/fraoucene/serverless-react-app,0,0,serverless-react-app/deploy/,1,4,1,0,1,84,14.78181219,1.774610996,0.065807104,6.183508158,22.80573845,872
github.com/andy-wolf/terraform-modules,0,1,terraform-modules/alb/,1,2,0,1,1,84,31.54313684,1.919328451,0.045792818,5.845166922,39.35342503,289
github.com/ramit21/Lex-Chatbot,0,0,Lex-Chatbot/terraform/,3,5,0,6,1,84,33.58527017,2.114844799,0.103339672,6.002887011,41.80634165,485
github.com/barneyparker/IoTCore-Test,0,0,IoTCore-Test/terraform/,4,8,2,1,1,84,35.11026359,3.737227201,0.145061731,5.905375004,44.89792752,254
github.com/alikhajeh1/infracost-gh-action-test,0,0,infracost-gh-action-test/terraform/,1,4,1,4,1,84,31.60240769,1.866473913,0.076941729,6.189812183,39.73563552,93
github.com/JamesWoolfenden/test,0,0,test/terraform/,3,4,3,3,1,84,33.67968917,2.606984615,0.115474224,6.063845873,42.46599388,261
github.com/clopatofsky/website-ophtalmo,0,0,website-ophtalmo/terraform/,1,6,0,4,1,84,30.53500295,1.759104013,0.101016283,5.934589624,38.32971287,1019
github.com/jonathannaz/test-terraform,0,0,test-terraform/resources/,1,0,2,0,1,84,31.75654626,1.821815968,0.049445391,6.285649538,39.91345716,35
github.com/leslieonline1/harry-stamper,0,0,harry-stamper/terraform/,1,2,0,1,1,84,33.30085588,2.034741879,0.062837839,6.08940196,41.48783755,407
github.com/mauricepruna/chatbot,0,0,chatbot/terraform/,1,6,0,3,1,84,18.07602739,2.216629028,0.074732304,6.807545424,27.17493415,217
github.com/katapultmedia/terraform-aws-organizations-scp-example,0,0,terraform-aws-organizations-scp-example/terraform/,1,2,0,0,1,84,30.03960891,2.099421263,0.051310539,6.054413319,38.24475403,151
github.com/rutkowskib/repository-security-macie,0,0,repository-security-macie/aws/,5,1,0,0,1,84,15.92023635,3.081537724,0.056055069,6.061388493,25.11921763,291
github.com/jpouyaud-perso/aws-nlb-ha-sni-routing-asg,0,0,aws-nlb-ha-sni-routing-asg/terraform/,1,1,1,0,1,84,32.18986225,2.295722485,0.045661926,5.883301973,40.41454864,380
github.com/lydiacupery/recipe-book,0,0,recipe-book/terraform/,1,10,4,8,1,84,34.69445276,3.082536624,0.263226509,5.969723225,44.00993912,262
github.com/ministryofjustice/opg-aws-config-service,0,1,opg-aws-config-service/example/,1,4,1,2,1,84,34.11008477,2.191286802,0.09757781,6.211089134,42.61003852,1008
github.com/brucehvn/edify,0,0,edify/terraform/,1,6,2,6,1,84,31.02233243,2.042275667,0.153325558,6.013231993,39.23116565,842
github.com/ShabariRepo/iac-automation,0,0,iac-automation/terraform/,1,0,0,0,1,84,31.28062129,1.921293259,0.036439657,6.097827911,39.33618212,161
github.com/trevisangabriel/devops,0,0,devops/terraform/,2,3,0,0,1,84,31.84325051,2.253395557,0.058627129,6.138652325,40.29392552,422
github.com/gtimalsena/DevOps,0,0,DevOps/terraform/,1,3,2,3,1,84,36.46925712,2.277903795,0.104373217,6.128314734,44.97984886,422
github.com/maduxi/tulsi,0,0,tulsi/terraform/,7,6,0,3,1,84,31.368119,2.53497386,0.082920313,6.062453032,40.04846621,205
github.com/shankarb01/endgame,0,0,endgame/terraform/,4,4,1,5,1,84,32.02095389,2.864601374,0.088582993,6.033535719,41.00767398,602
github.com/gpetrousov/endgame,0,2,endgame/terraform/,1,1,1,1,1,84,31.819484,1.772155523,0.053622007,5.840975046,39.48623657,602
github.com/winebarrel/sam-rds-postgresql-slowquery-to-es,0,0,sam-rds-postgresql-slowquery-to-es/terraform/,4,4,1,5,1,84,31.82193494,2.957360983,0.09182024,6.060863733,40.93197989,177
github.com/Graham-M/terraform-transit-gw-example,0,0,terraform-transit-gw-example/gw/,10,0,0,0,1,84,31.81195593,2.50957346,0.039504528,6.248073339,40.60910726,297
github.com/mike23101994/terraform-scripts,0,0,terraform-scripts/ALB/,1,2,0,1,1,84,31.18766475,1.867621183,0.051175356,6.372966051,39.47942734,142
github.com/jjoc007/poc-appsync-golang-mongo,0,0,poc-appsync-golang-mongo/terraform/,4,4,1,5,1,84,31.65587497,3.033692598,0.087237835,6.095952034,40.87275743,755
github.com/yesisonline/DevOps,0,0,DevOps/terraform/,1,3,0,0,1,84,32.91712618,1.959133148,0.053128719,6.098272085,41.02766013,422
github.com/yirez/ansible-tests,0,0,ansible-tests/terra/,1,4,0,3,1,84,15.01616287,1.777192354,0.062654495,6.053747416,22.90975714,149
github.com/BetaMedina/terraform-test-ecs,0,0,terraform-test-ecs/terraform/,4,8,2,1,1,84,35.63822889,3.709763288,0.176370382,6.071033239,45.5953958,188
github.com/jveldboom/raspberry-pi-iot-temperature-system,0,0,raspberry-pi-iot-temperature-system/terraform/,4,8,2,1,1,84,35.67689657,3.645334721,0.184351683,6.013136625,45.5197196,91
github.com/sridhartw/golden_ami_scanning,0,0,golden_ami_scanning/terraform/,1,1,1,0,1,84,12.83887863,1.76481986,0.064870358,6.320980072,20.98954892,921
github.com/TNK-2/nestjs-test,0,0,nestjs-test/infra/,1,3,1,2,1,84,30.93337035,1.789065123,0.082206488,6.02477169,38.82941365,1204
github.com/davidgalstyan53/awsrocket,0,0,awsrocket/terraform/,4,4,1,5,1,84,31.70961237,2.833973408,0.085287094,6.001667738,40.63054061,403
github.com/raulmanzas/text-extraction-4fun,0,2,text-extraction-4fun/infra/,3,2,5,0,1,84,33.73650622,2.093127966,0.095118523,6.171012878,42.09576559,115
github.com/devops-adeel/wordpress,0,0,wordpress/module/,1,0,0,0,1,84,31.39090037,1.702988863,0.038853645,5.95195508,39.08469796,48
